uid;username;password;home
1105;noah;prq7mawtDn;/home/noah
1194;isabella;Fwas6EMQJy;/home/isabella
1310;michael;2C6AwEK38t;/home/michael
1547;sofia;9rTBZQ4A6c;/home/sofia
2241;mason;GuXYJz5g2p;/home/mason
2247;levi;uRVeyjx9kq;/home/levi
2272;jackson;5HyVqvwC9K;/home/jackson
2640;lucas;AUcQmY6nRC;/home/lucas
2889;elizabeth;vqLdR6mKAy;/home/elizabeth
2901;mia;N9EnBbdhLe;/home/mia
2944;gianna;DkTK5WyuMC;/home/gianna
3369;alexander;rDnkzd27y8;/home/alexander
3843;charlotte;k3CBSWRJF4;/home/charlotte
3879;ava;Cr2QkgPR4H;/home/ava
3980;abigail;A5QCDrRcmb;/home/abigail
4217;emma;KhugUQT3dr;/home/emma
4303;samuel;3RVPaCxfcq;/home/samuel
4682;sebastian;eGE2Vf7BX3;/home/sebastian
4890;eleanor;A6rbEYkt5P;/home/eleanor
4901;emily;teCBbg29WV;/home/emily
5118;ella;XEbC3nxzRY;/home/ella
5426;logan;9BdbqazZ8n;/home/logan
5872;penelope;be5URp3zaL;/home/penelope
5885;henry;juPq9C4s3T;/home/henry
5901;william;vywsW7jBaU;/home/william
5960;jack;7RYs3yVvgF;/home/jack
6029;harper;3NYksUP2Wp;/home/harper
6294;mateo;QezHdAjBE8;/home/mateo
6361;avery;DW2yp8auJC;/home/avery
6381;aria;4pxv7GAtmP;/home/aria
6557;asher;JtAd9CqBZg;/home/asher
6745;daniel;pzfMTvaB4s;/home/daniel
7032;theodore;2Z9aUspbGm;/home/theodore
7444;amelia;VCG4fX5rFE;/home/amelia
7463;ethan;fw9gpA4K3R;/home/ethan
7471;camila;485a6FCWzx;/home/camila
7522;james;BHXb5a4VnW;/home/james
7685;olivia;ZFYzBCH3hy;/home/olivia
7699;jacob;UeakF3GKX5;/home/jacob
7907;benjamin;X35nbtsKVu;/home/benjamin
7996;chloe;nthN68fRse;/home/chloe
8366;owen;tMQYj853WE;/home/owen
8467;liam;XL4TAWhZa5;/home/liam
8786;luna;eFDb7GptaU;/home/luna
9197;oliver;VFP2vYkW5m;/home/oliver
9287;sophia;4pcxTufLhN;/home/sophia
9639;evelyn;the87gnpmP;/home/evelyn
9713;scarlett;Vaxf6MnFPY;/home/scarlett
9920;elijah;UmDsCap9vY;/home/elijah
